{
    "Baseline Linear": {
        "MAE": 1100995.014881174,
        "Accuracy": 0.6306792622582096,
        "F1": 0.4623444662737394,
        "Precision": 0.7248459958932238,
        "Recall": 0.33942307692307694
    },
    "Prophet (Time Series)": {
        "MAE": 86362.39658255524,
        "Accuracy": 0.47368421052631576,
        "F1": 0.5458074534161491,
        "Precision": 0.4576822916666667,
        "Recall": 0.6759615384615385
    },
    "Random Forest": {
        "MAE": 43184.56484555412,
        "Accuracy": 0.6945569050832209,
        "F1": 0.7459783015338571,
        "Precision": 0.61053276178812,
        "Recall": 0.9586538461538462
    },
    "XGBoost": {
        "MAE": 36781.86328125,
        "Accuracy": 0.7431399010346379,
        "F1": 0.7621824239900041,
        "Precision": 0.6722997795738428,
        "Recall": 0.8798076923076923
    },
    "LightGBM": {
        "MAE": 37737.30490099434,
        "Accuracy": 0.7408906882591093,
        "F1": 0.7585917854149203,
        "Precision": 0.6723625557206538,
        "Recall": 0.8701923076923077
    }
}