{
    "Baseline Linear": {
        "MAE": 1283453.344202882,
        "Accuracy": 0.6302294197031039,
        "F1": 0.4620418848167539,
        "Precision": 0.7233606557377049,
        "Recall": 0.33942307692307694
    },
    "Prophet (Time Series)": {
        "MAE": 85365.29428459959,
        "Accuracy": 0.4835807467386415,
        "F1": 0.5546935608999224,
        "Precision": 0.464889466840052,
        "Recall": 0.6875
    },
    "Random Forest": {
        "MAE": 42996.634922981524,
        "Accuracy": 0.6972559604138552,
        "F1": 0.7468973298232419,
        "Precision": 0.6133415688696726,
        "Recall": 0.9548076923076924
    },
    "XGBoost": {
        "MAE": 36231.51953125,
        "Accuracy": 0.7390913180386864,
        "F1": 0.7587354409317804,
        "Precision": 0.6686217008797654,
        "Recall": 0.8769230769230769
    },
    "LightGBM": {
        "MAE": 37347.55711107823,
        "Accuracy": 0.741340530814215,
        "F1": 0.7593135203013813,
        "Precision": 0.6723498888065234,
        "Recall": 0.8721153846153846
    }
}